ss_id,x_osgb,y_osgb
2603,212825.42775089995,203615.85008631885
2607,527887.3440543581,284107.59906012187
2625,242257.7679318784,55703.2178430545
2626,324596.1790517464,566793.2546946013
2628,444313.14840164315,121367.39323928094
2631,365625.51496062474,212491.51026590017
2638,361701.7953045992,149124.53365231125
2657,563938.9523992267,179423.94524253777
2660,638479.3275109802,263714.88459948386
2661,504347.7068457549,103317.39325465934
2729,521966.29530048085,191596.2180468691
2754,463718.4002738517,197202.90054988052
2760,307144.0957880191,735236.5381181382
2766,220873.1966397867,661116.840724448
2770,406220.03102708474,278000.6265379506
2775,250914.42201879722,59902.55430626561
2776,450337.9149361901,353902.3972794859
2777,541004.3142152219,103067.42700759048
2783,539312.6198771297,165335.69198012003
2784,536970.217612671,275448.25607170176
2786,515446.0980022071,173641.558411405
2789,323782.7835713243,701503.3775062195
2793,553853.4168914077,280399.14363895607
2812,360556.4965794229,181386.55456793524
2813,435196.121708486,317056.0931003316
2814,516436.1399091572,250439.39812401484
2815,524488.2946946924,310730.6535603645
2816,424468.51938812016,302529.16552480933
2819,581591.3511401409,112116.12593911824
2822,378866.4858641101,245785.69649189035
2824,400801.2253517717,95601.86631179252
2828,525876.7923730199,282942.79575217725
2829,614577.0221954994,214723.1273283884
2830,363985.30912182643,175799.98164507106
2832,428324.7759359197,219125.70887960133
2833,207038.96431474717,65777.80570604265
2834,452577.05988567736,332787.7391156252
2835,458397.56647908647,296141.2192985234
2855,278708.7650651775,643522.1019860527
2867,265983.89493647125,659487.3585087014
2880,191143.05363736008,630117.5459947228
2881,489242.43778882886,239863.77050846035
2883,363012.5521504199,853496.4272580729
2902,335330.14432376984,161624.57681628622
2903,477087.8867921046,227424.2126310864
2904,406265.34159411787,241294.92926259676
2908,268202.97928309825,40529.87687434317
2912,564287.0787252769,102636.573578915
2915,444829.1107702519,297110.8859844277
2918,518252.07839728316,231565.44397324318
2923,457260.46767645,335065.896112106
2940,516113.8206384088,234853.47956035275
2947,561360.5237840082,194924.60117317562
2975,402184.8902975775,162326.46189588995
2976,325763.8972307398,126161.56580797947
2989,427511.3631122182,362617.8945383508
2997,333685.1297096563,442003.833622316
2998,470850.96305699414,181724.8589140211
2999,521937.77897467953,249458.51870145748
3000,382552.991858567,806607.7082046974
3001,348039.64423418924,309421.4130996207
3003,443990.9548270638,314902.5461552958
3005,398108.66952488245,403703.0973198862
3007,257739.19816979405,637473.2466419586
3016,281612.02733129,634533.7823814176
3017,336174.8501249803,700186.9711163085
3019,487929.7685967218,236502.9206030185
3020,558582.4885562272,104685.62069362821
3021,557237.5060047689,171421.24776215974
3026,199020.87253199588,60511.11131873846
3039,298522.77431296016,517214.812096637
3074,163291.9658891271,25238.167212695436
3080,522726.74423766095,272847.5371054483
3085,523747.36059058196,231698.41396335873
3086,547000.9250672458,164438.2110106321
3087,544184.8431535475,165470.84801502258
3089,268152.81030314014,844330.8932184834
3093,183466.44305683006,45537.46664135024
3094,283947.8016650373,651174.2331895897
3100,326283.7140174906,702572.788079062
3117,652180.6359192794,303407.05018184625
3118,328163.246853193,703654.0295869505
3122,232881.0692285874,630554.7424504773
3123,514589.4163135449,439595.71876081405
3125,291732.57906150003,584168.5076119828
3126,269710.10438215244,658260.0380216574
3146,287513.2071973511,643285.898634476
3147,538669.9075088833,137499.00847204291
3148,334330.15673467674,701328.1837596593
3149,447118.7316469278,340519.2521720167
3152,268152.9074993561,648283.618111213
3175,233511.924337596,630530.7066354768
3208,340798.43142877636,152660.3098874199
3231,257765.37038951513,657521.557909693
3233,296625.2434423269,575145.6285962715
3235,349445.9323774324,613188.0885186242
3236,589431.3939658655,240437.287683164
3237,438790.7538905992,289272.5430537032
3238,373393.86536496377,246924.37441421847
3239,553694.2445420374,173539.06527222192
3240,297429.0156569276,112185.62008245161
3242,313756.38664780866,727302.3121860807
3243,313733.7238414306,726189.3635037276
3248,305867.0524200967,112025.602906479
3249,256589.3156288529,640852.4057555583
3250,536014.7859681237,105160.14265391146
3258,270533.51046840096,643757.3304046671
3263,241364.94738947187,638037.2771084403
3264,572706.2228085959,207544.63368506456
3266,377290.1580011333,200190.77693374577
3267,383686.2126708656,253553.35232125223
3268,354543.63143791846,734460.2086102398
3270,182681.830471096,61158.772396505374
3271,539734.2602360444,175362.72434103576
3278,257728.9018999447,656408.9173117853
3280,462394.1061445757,301753.04676581896
3281,539069.9562694518,174231.72185933613
3288,353050.4041645274,194797.391750595
3311,512751.9583722425,105717.1569711043
3313,266345.07401142956,51701.427602979325
3323,337065.233553876,132684.74044139122
3324,316709.7733429192,173018.20692317723
3325,320838.2982708261,125122.4729401452
3326,361258.6820434242,182493.32472334738
3329,495231.5264613734,100918.21716289863
3333,443709.72341884894,346049.83880386635
3334,541038.6196489785,252189.76643716876
3338,334576.8278885665,157185.18138744353
3431,382187.3251396795,216854.02031551063
3432,253882.5171301861,212274.96550093684
3433,620733.6510678281,216103.66736716812
3435,539947.7605947088,167578.76761691552
3437,249182.6331657734,663381.291905768
3442,269810.41509611666,661598.2071705625
3443,503789.9657711171,131116.52211425206
3444,616410.0231987182,313947.0292459496
3453,579758.6821358664,164372.83208504663
3454,581349.4179457272,197828.20374379732
3469,369059.82588627026,421606.5718004393
3470,529596.5076400292,163967.32519150688
3472,411665.73677932273,276898.03506625775
3473,487976.8447431675,154182.34000300794
3476,179673.35065001732,40126.02848365044
3487,265184.63496216736,653943.3565908616
3488,243192.34602169896,201466.50853584486
3489,243758.2598448003,129105.44846376198
3496,614729.6381841048,274881.34985320235
3502,571977.897141647,208632.95039832534
3513,550258.806918758,99987.6330031552
3536,517617.6240228652,229325.07669338956
3540,449128.2704193158,273790.99739412987
3543,620044.3045239837,216073.43225819693
3770,277697.8829618655,881909.2523369923
3772,366839.7479276407,79027.35664716995
3799,445333.119827715,164750.4325280009
3805,542699.6027809188,168767.79467051174
3811,158176.1222498985,38833.54015113867
3822,620092.1915541266,167065.00153787626
3831,383575.92994871107,220185.90843161673
3857,621383.8448038759,137047.85465500347
3864,338809.8807187343,576592.9134392511
3865,312934.3011022392,717298.3453651529
3866,294236.6824268879,660932.8718347562
3869,334326.9689183748,440881.93152967095
3872,218740.4628602928,670120.7935192431
3951,654617.567082624,295730.11354199244
3952,637337.6990974168,171179.88971965085
4002,475879.67582387757,122845.35911323578
4003,289399.91991282185,643237.5978211288
4029,570892.7399935515,158502.95844933653
4030,255921.65271117404,658696.29988936
4033,589670.5905031385,215949.02589035127
4035,417110.03474534437,276913.7689751058
4044,445351.8875559967,313802.53882761725
4045,281133.33021333773,640114.5829805413
4046,371424.5820171954,772159.7840400848
4056,453846.4922032851,278289.95724341203
4065,504779.4005665491,251292.59908390173
4067,455975.7458307783,270526.61599894246
4090,376361.3046563769,149035.671313906
4092,231891.54930944095,653990.3042501939
4114,371961.97503852705,850084.5292508912
4116,300317.37095461215,510496.07008109137
4117,441459.10398141365,294856.40584096406
4124,314296.0736286667,869824.9947215398
4127,411878.3664688382,185694.50028681877
4157,439075.9524684183,338222.6314254649
4158,391646.938065283,815484.8641645203
4159,435895.464920617,570750.4330771154
4238,262082.93554555642,655154.5816650351
4323,368723.4839431081,155749.60228919904
4326,329113.2681458654,865083.1415106697
4392,311292.6516228957,868776.2589347524
4420,603789.0095872262,242117.28468626243
4421,509163.189937776,389379.1944935939
4422,373159.30838387506,850076.4156464124
4476,341056.20231303456,553190.1845397287
4480,311888.60118501366,868763.1995534559
4754,353762.5079129317,829097.2615157028
5177,618632.6349415655,339672.4557292989
5265,297925.85012151126,519454.5888682414
5352,389208.42843314126,806584.7505232802
5358,515964.30434460484,299391.6801017953
5372,433288.95485385857,577407.7085944746
5427,290145.82460778503,66726.20867035523
5428,322637.3733690748,869656.3596114158
5429,277004.17166426126,198302.88858224417
5444,294210.0176997157,92227.2341817001
5471,218896.9815384921,597681.7054894774
5512,453213.20838670013,336132.29742649145
5589,446361.5353064233,349412.21333643724
5596,252901.29117494434,662139.4600328201
5597,243963.52600959124,640171.6576962443
5598,234522.24645561585,640519.5276224683
5660,635423.7651456543,152151.93396904494
5690,275818.8139360501,652512.5719840542
5753,517372.73469482205,297199.55721543607
5754,283250.3521689967,75773.96558303296
5755,346566.04270686826,170392.32164564892
5778,363992.56222770666,828994.253683538
5780,631329.4633669057,165333.67622252204
5781,269710.10438215244,658260.0380216574
5803,436358.01568539406,429432.13623700966
5805,394084.79493928375,831065.9554444661
5826,364913.56819582114,865726.5050233069
5861,303736.89646170725,110952.35638536213
5871,247298.5136916179,57780.51042237424
5890,250883.00658329445,58790.76479776122
5895,453106.2196732473,283844.09450209513
5899,568243.8835346517,196262.01673203555
5900,338231.8731338558,951790.9600952226
5908,302356.6083567099,514904.4726486696
5953,424479.5289934943,431580.60523611563
5974,470371.7128008427,114982.2085264656
5976,302514.7734997096,83166.91154539018
5986,520900.48142248625,263899.74432020023
5990,348393.7228944479,144792.6774999596
6011,420511.2342717081,434899.5294148583
6021,252787.98851696457,658801.5382335188
6026,431705.19190489774,334831.3979264585
6032,242544.28144994375,635766.5590126349
6035,400698.0547774325,849987.037244657
6038,172267.47531517697,619906.8957115937
6049,243334.0802097877,640194.2085823504
6054,255332.03898825505,659829.8198560049
6064,406444.9659021175,602885.0711798068
6075,266678.99108584516,661693.427882502
6093,341508.282229359,726827.9387792544
6094,632490.095564419,289058.40659027227
6125,630633.1344295547,165302.19838691864
6126,461346.24014259555,484218.95424805186
6127,371854.14747279626,834498.9399527026
6329,467500.4737903762,172780.8213065946
6330,256658.76996404983,662013.4698305505
6336,396617.0657013292,165663.58350273926
6362,257109.4154402069,637493.8070572974
6363,348252.40934124356,672194.8106334031
6364,297875.83664221154,517229.30657632137
6372,334648.0058845214,162745.59741877776
6380,395081.09206791385,654078.6384452931
6383,287189.6018923148,61226.89416583566
6409,393035.09965619846,90046.60134035585
6410,279368.4782613017,644617.3524358552
6424,619396.1382643356,167035.0396404292
6425,256621.9691324126,660900.8162465144
6427,446714.8505274843,165874.99204909633
6430,427697.23862332007,207999.89316617168
6431,373534.67971540755,815561.9623326712
6433,257874.78357083164,660859.5251505916
6440,387522.3464692347,145659.78448591495
6441,238053.18711800614,235023.64624903508
6442,296418.98551670706,566244.1360309463
6446,345930.03821330855,175960.30356332607
6452,354810.0421066217,381667.9966108577
6472,291541.531895644,65584.89266489513
6478,256658.76996404983,662013.4698305505
6481,354100.0623257292,634284.3037872065
6482,255765.33268526022,55317.253555685835
6488,524204.23634647334,321852.98068194115
6489,285962.2228488069,70152.41699373638
6490,423699.9024688432,321436.4013799973
6491,248502.31219155964,123399.73514270928
6492,450189.402850601,235981.2118228355
6493,398843.59971336415,650737.0070129817
6494,384668.30568158743,125649.90550330686
6498,402915.9642795347,97826.58684709514
6503,359495.6199533032,800090.3894830875
6504,200859.01237013476,52648.67511411075
6506,244134.03945245122,662446.0303494403
6516,347101.5408324152,628798.1960297361
6526,339538.76460114063,674534.5818189724
6527,346041.6223207018,120348.95681073339
6541,444191.3718585681,292655.36958154285
6548,410948.32024523104,293581.675495968
6560,418817.24724822014,183491.044632692
6566,394490.7505770994,130078.21489829951
6567,398310.4412568339,865573.5546796743
6571,452190.0890833228,368385.661981178
6573,339538.76460114063,674534.5818189724
6575,402137.2405934277,279109.5398577152
6576,398067.51513766655,306918.46388239705
6577,528213.8270757765,107187.43362093126
6596,298497.9030326987,516102.1314757529
6597,301733.4014843431,516031.04581735376
6601,291518.624159054,64473.02412829039
6602,380413.7436896688,864507.8909049889
6603,335587.81837966223,702422.2534883252
6605,398907.1507033989,866686.6349403624
6609,513039.6036781164,188051.3830139254
6610,272746.2258051903,654828.8405930303
6611,352984.27909313224,647652.8071346467
6613,357264.38673300465,119131.70206740565
6614,455709.31251769327,105907.14610872089
6615,337436.9241561285,427486.07627711573
6616,521911.8833910405,164890.95266690355
6617,345825.9476307087,627700.7498072246
6618,468336.5078468519,109394.14725597599
6619,315922.43628770736,648211.5127851454
6620,371032.50958602806,310342.25034055393
6621,266204.26427669707,101770.88717598462
6629,418583.8043883768,422652.8317124419
6630,499768.2862249843,157735.71847263197
6633,332182.7379555437,383049.8805390789
6634,413939.3233140345,430425.0965294634
6637,241646.96974908607,59059.85109082269
6638,350962.02523787756,635431.4661452683
6640,337432.35588156234,701281.5929380927
6641,362571.7708387989,172473.61561436718
6643,300390.4481009176,513833.9185982067
6645,277222.00882756856,701474.1231843828
6646,400099.35316491197,847760.4295925963
6648,533816.4231160054,108441.13408100928
6656,288539.25582027243,57861.14940529014
6663,652132.2653255023,291142.80918551603
6665,328088.35662812204,699202.2179665487
6667,380831.8929955933,826653.9002088207
6669,350800.2209224298,314954.9952493691
6670,430067.02417055075,381546.29689258407
6671,338702.9064190136,568803.3988698748
6672,456275.4258156932,361756.3069161366
6673,506454.7765831803,137845.52814627797
6675,470754.5282827449,138344.1014323811
6676,312366.82195132104,530283.6346221929
6677,618617.1864361705,217125.04646226595
6678,617286.8944696576,215953.42192831857
6681,453078.60646323126,348368.9671746694
6682,438571.34599941,400521.2767315753
6721,381952.8484665534,807723.5310847118
6723,437051.28137661587,339319.20293348806
6726,444551.85345773265,399461.04145889037
6727,412574.18784553,184583.99549257528
6729,416033.23193547665,186818.05598036578
6732,486015.5895529511,104094.94171692463
6748,390371.8535618384,174568.74884913454
6780,510079.15492393717,164622.28017306165
6781,307132.415920741,143148.84121758808
6785,330971.9931714822,148334.38459199565
6786,506871.63635701477,431621.3919239638
6789,393451.017204141,811028.6557166395
6794,230837.2128464653,675201.6391274212
6795,454937.8762844553,361740.8099510456
6796,566329.8880274442,104927.32751561454
6797,420554.77148309996,94529.86310443358
6798,534710.4712448793,426772.4523378094
6800,455619.5362713746,360636.07144321466
6801,416036.74433285143,185705.88791328343
6804,396689.19850627333,270211.8392649353
6807,252364.77471346842,701146.6623011583
6815,412565.9183961187,187920.5005348405
6817,239703.31865538924,678205.4188718642
6826,205619.62572446163,65829.98483819971
6827,449633.6021361881,357232.75373214605
6828,329020.4054973024,394223.2061322336
6830,351070.90698641684,529699.2407285145
6834,323775.42732694413,180693.81694462145
6835,258977.399841617,95285.42767256047
6838,337432.35588156234,701281.5929380927
6839,243920.26229078602,621235.483581879
6842,429064.74259814003,436057.219957125
6843,329361.38493025204,845035.1997098877
6845,239668.20692265002,660380.8559240209
6846,445738.3838523633,197008.5800413348
6848,276038.220095056,70376.94172092783
6849,519802.7723750712,389635.54435578454
6856,368746.522693731,472791.55062147055
6862,482319.02192045836,364357.81754059065
6865,435326.2165517614,561842.9023338171
6867,630137.2714618938,145228.47885914028
6868,248193.76924750456,136763.033274323
6869,333866.9623561389,863888.9865412153
6870,520338.5769077795,446419.18525612366
6871,550518.8333816599,186799.64351272298
6872,450861.91563533084,429566.68121172546
6873,502444.78782508953,163350.9606777748
6874,434823.54017490934,458349.91483035975
6875,301170.9557087017,820007.1673272107
6877,552228.4071352686,128978.50416053043
6878,313048.37616032123,120798.57744558415
6880,247493.83248922593,136783.72731569104
6881,437850.64951106947,566314.9149610315
6882,310358.12965455174,167564.20390220179
6891,351727.8695433278,530805.0506169539
6892,450937.0116501665,360584.1281413636
6896,331536.6802415467,138316.45772456043
6897,326941.93233924586,388691.1846169945
6898,513708.4245297044,366112.88278473035
6901,383564.9317867118,216849.29368279385
6902,337630.521480687,950686.8499727321
6917,522622.93271383306,357428.53003710334
6927,343164.1265986497,464134.0118357466
6928,266610.49336879177,659468.0290304598
6932,494931.0959355555,369042.3711697092
6936,457168.35808952485,453006.8506309863
6938,453077.2982966491,408450.0648553574
6949,411190.2041424923,183468.600728122
6950,496121.23213657236,409129.7994426018
6951,440865.0894866294,364937.91225537116
6952,411187.7532704265,184580.7662867327
6953,290145.82460778503,66726.20867035523
6958,411187.7532704265,184580.7662867327
6961,368418.4750472004,519529.45073823817
6962,266610.49336879177,659468.0290304598
6964,276383.0615191606,650269.215793727
6966,562138.6723703587,103682.20566801791
6967,435487.20734791993,457242.2331838729
6971,411190.2041424923,183468.600728122
6972,238618.15690748155,614742.9141935664
6975,438174.10317029955,367140.8414198553
6979,525562.4896725724,129374.58825103124
6981,407725.0106002963,182350.0669686377
6982,299219.0698496447,519425.69296674756
6990,361705.1369215615,410534.76324070676
6991,490802.2951505381,410137.3624903881
6994,403581.1621063848,156766.62586517565
6998,619085.355839621,299582.8422750175
6999,437506.09221800265,367135.5761997913
7001,372957.4459820289,521725.6341982614
7014,332515.17915612034,159436.5766250082
7016,220366.3311724273,102037.96697518113
7017,458466.3222635218,454135.73095830635
7019,177983.4568269954,717746.7102723046
7025,606029.232853642,221048.0165230538
7030,331685.0342408045,149437.0955035981
7033,486686.8176549236,417849.9903309352
7035,518998.11083939177,170385.3524246132
7043,604561.3186796979,223215.3666611652
7044,342832.6804945676,864865.6145955736
7049,536738.3054929184,402338.46200468886
7050,488886.2739478808,182008.229605328
7051,485230.89686275576,193069.91572293872
7055,351370.03733804607,615392.4130890139
7058,376765.67562283576,83421.77551599368
7060,542761.7198146259,166543.75230325706
7061,363258.6392960389,171356.40722445486
7062,368200.9264929605,70122.74104018373
7065,339478.54292074085,578809.7869069416
7066,224541.47172181561,643137.9711624942
7076,601030.5836370208,225299.8964926547
7085,371818.64124003,546214.3166292341
7088,331685.0342408045,149437.0955035981
7090,452360.733846951,158144.02548967997
7092,617334.9853879325,214841.62393508398
7093,469917.5721017591,477663.64038221946
7111,457372.3935579697,381796.3286147765
7114,257036.99867061796,49719.4780195253
7116,466657.4680614273,130504.00465403916
7117,388332.0642218998,193479.7901687562
7118,511556.4401499381,223622.81529424025
7119,502966.1391668589,429308.0331753284
7120,294503.363244506,106682.35719641802
7124,297825.7831193655,515003.9543671458
7127,521200.64408408036,105906.94859901792
7132,575924.6326199248,154220.62299543084
7136,433969.37343002105,571848.316081651
7143,348840.12588085263,868125.3256554949
7149,506142.46308680857,118927.41845322604
7151,291587.3572611336,67808.64156125579
7152,600985.9309492817,226411.78529562632
7154,291564.44282525673,66696.76204151055
7155,295374.0195389412,576288.1167901242
7156,207096.94086052282,560290.1764896093
7158,513757.4133148392,186954.84421605815
7159,233224.41142188624,84915.96577193995
7162,601521.0749040134,213069.33896391926
7163,600476.0136927417,221936.68949628528
7166,299179.8963202513,575087.1485775955
7171,477228.9546550922,172918.91174441413
7172,169736.57823064728,41661.17536231945
7173,510437.4057310523,180205.91551924148
7174,248457.71460817003,73325.25753872286
7175,601521.0749040134,213069.33896391926
7176,399471.4794731232,651849.8359343322
7177,476534.0557384401,172908.4398468641
7184,248457.71460817003,73325.25753872286
7190,599610.2454956978,226356.78421542287
7192,359592.05950457737,233670.02932539408
7194,464040.0315694363,171623.90242189757
7195,323125.2131352337,137322.96237658398
7199,334967.53973376384,702431.6597856804
7200,366762.9414448678,469467.32469333685
7201,330107.2576111242,136111.19398657585
7202,392947.00863446464,867806.1385883134
7203,288274.8980266742,696716.478553122
7213,280304.0086838101,655727.455800376
7229,295644.0110147982,93310.72152887835
7230,357294.21727785177,638704.0223940241
7234,336131.37140220514,113788.83626037912
7236,588395.0568383301,231489.93064620165
7237,271689.3018536794,661542.1426916218
7238,223406.70303061156,692215.2075951864
7239,386115.6744939333,786556.3436281185
7240,285986.3258642039,71264.27458563793
7241,250907.80170940954,658865.7603381858
7243,340710.9379987467,668952.4960931652
7245,258271.86141183585,95304.55589748919
7247,390705.78714766883,346974.26666322746
7248,247769.8265131049,604391.9385010964
7255,303164.71080607624,827755.3770061694
7256,288586.211312738,60084.827800192375
7257,387522.3464692347,145659.78448591495
7258,486824.3118597188,180860.16918998415
7259,341004.5124131142,170453.80449475802
7262,292250.9947417651,65570.32727197697
7268,388591.0471457134,802133.6064938635
7274,382685.79434416717,161243.61115393293
7275,501438.49097834225,178905.82162416825
7276,249901.57390975312,98877.10846878873
7277,603918.2440082347,222075.46636547666
7285,389816.2427452363,807696.3994732411
7286,262310.89152053115,581641.5271764306
7287,391621.8690351206,803239.4795960457
7289,388684.2026706105,835530.5243089234
7290,299243.73805227573,520538.2792428972
7291,402816.3114728535,281334.57276474003
7292,608233.3297679789,217797.73085042456
7293,292915.25827088987,63332.123983953265
7294,588939.5284921451,217034.96320295875
7295,201570.4702706342,52621.945069010515
7311,433373.62163526815,384905.9131820587
7312,520194.93739921774,426378.38056030404
7313,455542.4686594511,424056.06476923113
7314,274097.59529323963,658130.3875859907
7315,392133.50940392795,398146.7698873463
7317,262082.93554555642,655154.5816650351
7329,485249.6274168666,191957.7913361565
7338,434591.2590174985,574078.8751103103
7339,427373.28564230463,605190.4176295698
7344,525950.8413935214,170552.35589779104
7349,581479.930085045,213419.83841467754
7351,326865.88959440537,700336.220277412
7356,265391.86843176535,660619.4688669363
7359,339788.5996929554,125978.99107021585
7368,503643.3332653451,103303.35670713437
7369,400096.1582355913,179008.01102443069
7378,361660.1399000801,143564.09757217957
7379,348292.95660007326,134784.05231377308
7383,183437.85171294777,62241.20858686985
7384,405032.04807151185,96716.19710684507
7386,380364.986459854,854488.2150225517
7387,177719.98316174,44661.65289089343
7390,227090.8138233219,675350.1675190997
7392,338519.71517279046,555450.1603849294
7393,351400.71948093607,674384.3748083172
7394,248517.63744052124,662290.511476304
7395,416737.13990877365,183483.78845173237
7396,320821.25920028903,124010.46357653625
7399,350974.5371139019,636544.3748407941
7401,364266.78118515323,791140.2049196715
7402,249770.11548118843,662246.907652815
7408,411185.3010469199,185692.9332004093
7409,407794.78097704065,135641.28631885172
7410,289428.1727863439,644350.3609010736
7411,582251.6578714146,230148.84976408124
7412,235067.62313051664,638270.6275277893
7438,266610.49336879177,659468.0290304598
7439,378450.8221185901,147914.33139778557
7440,299179.8963202513,575087.1485775955
7445,420168.72183415096,192393.6555653506
7446,587893.2863193604,208088.12869130028
7447,190584.4015205002,63066.03173789088
7448,416875.27105404716,141223.22815198655
7451,394489.5427366012,128966.13678410891
7452,574924.7175354074,223207.33346183068
7464,386838.28657100716,151222.03134624846
7468,407031.4722873951,182349.08863275376
7469,313731.80411929375,119674.82900612633
7471,420168.72183415096,192393.6555653506
7473,313750.3560671002,120786.81716484646
7477,619804.4519443661,237228.19148783723
7478,346470.63491159136,628805.8719100809
7479,347101.5408324152,628798.1960297361
7487,290099.40561363276,64502.445598774735
7490,415325.71649962896,409290.1729484278
7495,287852.39687792526,58988.06271556782
7498,403623.92965096864,93379.05943260738
7517,414640.99079393194,189038.22456068476
7519,348237.06652954913,129223.7361222349
7520,287165.83298481547,60115.06564353348
7521,574924.7175354074,223207.33346183068
7527,350825.7109909672,382820.1283177784
7528,335723.52891460236,398578.2565316711
7533,256563.94333527007,620804.3652128223
7534,613739.6270185579,250331.54011183506
7537,286886.95501829666,80144.03128833073
7547,350763.6855862044,673278.498590579
7548,390421.13684334856,807694.9399113223
7550,280089.03213060985,61383.634711753984
7551,378263.5308477802,103431.69002305178
7553,580877.1259598017,230098.9760305776
7554,388662.3653606789,827737.7877099613
7555,410884.2680831933,846661.3617585853
7556,338246.6490160978,714628.511748174
7557,600362.8967518316,207454.97929727501
7558,242544.28144994375,635766.5590126349
7560,290878.1973594201,67823.3279651159
7562,290878.1973594201,67823.3279651159
7566,393148.70567412896,173452.02724427334
7568,353252.56106745463,490727.3466829624
7569,550647.752294117,205724.04756906402
7579,179350.67819846168,32344.825293652335
7580,360547.81938182196,180274.3823905536
7581,586479.6756657627,245893.50243078277
7585,250281.07881949295,658887.3498404298
7593,281484.167334068,60239.691140532435
7595,289389.79798941524,64517.31163320993
7603,600431.5592906518,223048.56182235054
7608,331928.71719735116,114954.57692401065
7633,325631.6068772807,664733.0164069132
7634,352637.0982781961,673257.487436486
7635,218536.91406274648,680159.3339884186
7636,404274.18822188355,865575.2353140545
7638,241364.94738947187,638037.2771084403
7639,431988.55717863695,580736.9333380159
7640,401488.6292130928,162326.22647629358
7642,444370.1472049621,114695.27736773485
7644,249106.75623256556,120043.56148794078
7648,243334.0802097877,640194.2085823504
7651,325763.8972307398,126161.56580797947
7660,185513.83174083702,826655.4920320689
7661,203746.10636444157,53654.008272725274
7662,449065.9760903118,535262.2092316522
7664,242224.57464043598,54591.42564600959
7669,291564.44282525673,66696.76204151055
7670,440829.63585453335,519600.87415990187
7674,236832.24426270789,634862.0413781684
7693,185863.3964472842,833329.5229208261
7694,417417.9611720764,555061.0881983623
7695,301255.7385105867,523833.4381674009
7699,243174.35047077943,635743.9001707849
7700,228534.96240565422,648550.2839201442
7702,519679.290912561,229374.015899204
7719,298497.9030326987,516102.1314757529
7720,241309.6131827628,565632.3260157491
7721,413972.0632170216,419299.2413435771
7722,234437.8922809898,638294.4590595103
7723,300965.2678514602,510481.9495946277
7748,252966.4264537421,132173.20849811524
7756,355643.1715252714,399461.7418025583
7757,176696.7652802555,20206.41199922403
7758,276489.18607799895,563409.760995145
7759,457266.8524258314,217147.44895947125
7762,288570.9805474732,659961.3602651205
7763,226597.9291373118,98487.5507319321
7766,413230.12614601164,448224.9402193951
7767,575690.7827062244,221007.44365625829
7772,232481.84493462555,83826.74302078065
7776,534678.5412470794,427884.8590354292
7777,519624.47734908096,448627.1840107733
7830,283250.3521689967,75773.96558303296
7832,277764.25942159444,654684.6400006994
7833,340429.22254758957,554311.4182606087
7834,332866.2978075748,839408.4347164457
7835,305919.15545487765,499246.24977644184
7836,237955.2344099882,664901.0760916198
7837,298522.77431296016,517214.812096637
7843,508189.7374945885,431651.64186316857
7844,430359.83307805954,439403.34670236637
7845,339191.3364693846,557666.9375597915
7846,249454.21513193895,107792.42364476607
7847,206632.03437815112,54660.86005683086
7865,469713.6933467627,111636.7740657287
7885,341158.54104165954,560979.5546819217
7890,299391.930669938,527213.8960249823
7901,340473.55409096583,557649.7120647905
7902,432226.92985403026,547352.5191323472
7903,328163.246853193,703654.0295869505
7904,240450.99431673888,681520.0181761675
7905,517204.77079591434,466376.6362018725
7906,252148.49273765113,53191.84209160073
7907,329569.06161817117,386426.0377265261
7909,437869.41083319054,564089.3136801895
7910,285301.86679008143,72391.54580453961
7927,387619.139848036,447110.6851001973
7928,365124.0512900748,139090.77944711538
7930,264591.9209040799,655075.5540183701
7932,462157.34725404845,154916.61788069058
8066,481859.93179554713,391056.1791406851
8090,270370.149836743,659353.9678000535
8099,526663.8593365697,225094.5925418096
8137,435895.464920617,570750.4330771154
8175,496832.179876012,470358.32610994147
8215,307791.4342258456,140912.19096274138
8229,353199.8995405149,420625.5445098084
8253,249525.51319630773,61054.65235467575
8266,315783.9783384243,200843.94973560248
8267,367493.15804830054,181337.20528397395
8281,170497.70727330985,42741.893099788605
8376,292937.8620195154,64443.991430160415
8411,388162.74585145595,402605.37230656494
8412,248687.91591681752,56627.81777315732
8419,247225.95511710204,661221.8805956121
8420,268982.6141159707,654940.7941282714
8440,354436.0971047337,116931.68682961282
8453,289436.5158674556,66741.10686427253
8464,366821.6925889601,806704.5398356178
8505,233135.94512545163,637229.868069056
8551,298566.547894849,576214.3307843052
8558,367666.7640868092,678683.7997389815
8587,352012.625440776,673264.4003778693
8591,289937.1719458343,664380.5244744568
8612,268456.5525551565,658297.8809683473
8648,182498.7257982291,56712.17984965874
8670,433396.46100729157,562941.0339809498
8708,323597.8476498785,857388.6258416452
8713,435326.2165517614,561842.9023338171
8715,247421.99819301863,249198.510376708
8801,260771.38960487003,236563.69021304266
8856,252952.5335624731,56507.386251800635
8914,432756.1264079799,562936.3278081438
9069,322635.1390583125,740491.2847295883
9070,424130.88321059867,498339.857604351
9101,348936.1517408973,392853.69882943813
9107,430358.7611549932,538436.9527432504
9108,398310.939525125,866686.8593309444
9153,379149.0533228012,147911.43809348025
9171,437860.02996671555,565202.1079171695
9172,258388.85868008444,618517.5948061715
9173,428399.3565152015,542875.5365107884
9191,262143.9119155973,236525.54900142708
9350,404627.4498894986,516082.87763861066
9366,433750.7032285624,515091.90789621323
9367,382581.3013521569,813286.9805341548
9368,252237.11078954072,661048.1286077132
9369,316419.7126515578,197496.0540374001
9478,433470.8028256972,552925.7992184394
9479,428385.44495074963,545101.1071472234
9480,431010.2159488444,537328.5432311246
9530,441632.1579840326,429475.871049494
9531,314307.44723357377,195306.5330852545
9569,263713.4976624461,706339.1353505811
9570,445399.5845645385,515192.8181518768
9648,311073.1495797321,168664.04270237137
9730,306882.5439271068,383478.54716916766
9760,278547.3916902746,660230.7381574403
9763,444114.379351452,374979.6716674904
9764,439188.5413392431,559649.1250618511
9765,436598.1331440958,562965.9425032011
9815,343242.1584691577,851498.4469621443
9816,330075.71386525,329673.21443274536
9865,329807.50188515725,215089.90152106975
9866,450995.9804091243,355021.89627130184
9867,406035.4045515589,425958.03723995935
9870,401452.86766439263,294682.19275278604
9871,436649.8434458785,391605.4198680447
9902,459277.9124170044,162668.32940684824
9903,314718.5854700109,178613.2199768877
9960,268775.78086315177,627104.5417839234
9989,428956.9385705134,556233.1594882216
10003,344193.59841044096,385118.7763820941
10004,455632.41923449247,359523.6338725911
10005,229617.4986702519,644050.90581325
10048,230519.51987633161,683013.973241597
10049,433986.23013250495,569622.6591153955
10063,312483.2378774424,169752.0082923731
10064,370650.2863853233,564027.3528806808
10082,235868.73855539216,625985.3306038836
10086,369846.9037510057,806681.2660181071
10131,281133.33021333773,640114.5829805413
10149,337304.44834132906,367402.4131031273
10150,307919.1837409736,186519.2340631106
10167,246817.12660838728,206920.29551618808
10168,279445.42528945545,378530.5395935384
10169,272876.6410662272,659279.7119289868
10190,294081.2143246985,628646.7203848987
10205,290521.5560157363,183527.84830822045
10206,389456.35829067795,388139.17361439834
10207,357041.1849759175,407237.2569781187
10222,274127.5116051011,193922.8949576416
10254,335859.8017238587,636740.4010904904
10278,438576.3377913843,556305.2632009161
10280,233892.83991445196,640543.4429606982
10361,261349.20179924817,651836.6200959501
10366,286777.24439664144,378350.38565237186
10367,388844.4115762974,410391.6086525206
10425,391498.2835736336,413723.7013364262
10426,334164.7484796481,381909.29438093246
10437,329361.38493025204,845035.1997098877
10438,441526.7519523259,514043.16069139156
10440,427742.5589410934,545097.1224074676
10466,276509.78836228204,654720.1500203762
10497,316622.561835622,209729.503369626
10509,404626.3614214897,517195.62618796015
10511,240719.10677187034,620236.3963955609
10512,224014.27448245202,676588.9413239752
10513,279547.43287817074,695839.4932453138
10523,435369.89740174613,556278.8656640009
10528,445388.5013281497,516305.4816384651
10531,303180.0731250498,668517.5702286729
10532,375988.88079316984,822226.3966927833
10533,315561.14686176035,187498.4631398046
10547,441476.163045574,519606.70309157437
10548,444697.8963390496,520749.960944879
10585,330296.3758961571,200622.24598719407
10586,386115.6744939333,786556.3436281185
10589,287566.09540637385,693394.24360685
10595,311442.79165590764,189793.81490369956
10619,432748.00598006474,564049.1306712618
10620,244714.3931784495,607840.0294325874
10630,267722.6302271668,239713.0290401536
10631,331552.6140902797,241763.5369406197
10639,249770.11548118843,662246.907652815
10640,438028.6972268994,545171.8643834096
10648,312934.3011022392,717298.3453651529
10649,265147.69583386375,672878.6646029273
10650,410346.7343345002,561716.3333464854
10685,207785.6581516332,561374.9695038595
10686,327860.71145534597,861764.6525453745
10689,249692.9371491237,660021.651667849
10692,360606.76865810924,437247.44751529384
10693,426424.36910341296,550653.3983789356
10702,263758.0192256115,668467.0983191797
10704,394686.2471990559,831065.1129299244
10791,357973.15644444816,362725.2746670497
10792,456456.00707092654,510864.7045732037
10793,314891.86474856606,869812.3770986763
10794,299416.6463051406,528326.5245348547
10835,383162.61172896146,807718.3875439573
10837,435993.4010436279,558509.5611672517
10838,262012.2591516936,652929.2999308447
10840,321869.458621699,860762.3822074564
10841,328637.1120076367,368636.8542234054
10842,325310.88334642415,190682.17119691696
10843,240568.6727796216,206001.18038296618
10844,378870.3695095954,400412.7714288184
10890,281922.7898737734,201523.45599826844
10929,260286.0420597387,194286.6259254755
10973,228988.58338025695,644075.5345976941
10974,240417.73494789685,663695.4623215811
10975,234498.39947854602,672831.2181499908
10976,390994.2466866413,793221.9343152228
11040,400099.3388171199,825495.269929565
11042,367043.07060339826,678688.534900121
11151,451871.0225697378,515261.7174196616
11153,419234.98139643646,424880.6297672333
11166,358353.56390007184,865788.9672364345
11174,227180.01015678034,677575.244578356
11175,327642.3933421173,849519.5329779894
11176,302708.5236618958,858950.3411377779
11287,218851.49276077969,596569.2999673283
11401,244553.3212620635,639036.6029822275
11438,298497.9030326987,516102.1314757529
11441,301787.9217387673,689704.2527471649
11465,324194.1095429261,208497.19898318907
11466,339833.58594961936,863795.7096438744
11494,252325.8829667426,626514.0547357677
11522,338181.9780881275,710176.4869701223
11558,280211.92251906916,652389.2157596387
11573,390413.36218704144,804355.3375873726
11590,242905.40213095993,645779.8072841855
11591,326231.4868637184,206242.07070850674
11628,392526.0857116686,221276.68035705033
11630,360938.60137820506,759999.474454597
11655,416158.8555322219,548379.5460272363
11656,294636.1026029234,181215.5231855375
11657,392819.49442235474,412608.8966255034
11685,394646.7205603317,801007.9932182533
11687,390423.7375523402,808808.1534320902
11688,299719.50738575996,654121.9500053161
11712,283409.7019536169,654529.315521723
11724,449771.248912802,529705.5444816457
11752,240869.09670481767,675933.9907467305
11769,440440.1132275149,562998.792959997
11811,299087.40274111304,195587.864451657
11827,262639.8248697282,652909.3966562882
11828,223328.44927381704,644301.2519120662
11865,430789.40964341146,569599.5670834084
11895,225931.8743584853,677625.4674989731
11896,348912.1579460966,390628.70609169634
11962,333982.57962598844,416405.8860096722
11983,319797.0529420107,720503.3472118299
11987,242905.40213095993,645779.8072841855
12013,354151.25079230126,239278.76379901048
12029,336374.4844132301,713542.858519256
12035,293993.2717087239,676527.5941415465
12091,412085.8600705333,845551.4273460035
12092,327959.466565678,728150.2021902517
12314,271689.3018536794,661542.1426916218
12368,364175.2731846187,202491.52639645286
12371,390421.13684334856,807694.9399113223
12398,233873.65501300586,672855.2146343815
12451,380235.18658377265,827770.0159823945
12487,445388.5013281497,516305.4816384651
12495,340802.6698959623,675630.1862447929
12642,244987.62666248763,237029.55860312918
12644,334269.2402728896,187220.78710946772
12645,342495.8786055295,463029.47020742134
12646,381624.5479296539,425990.76979625574
12647,369973.6476307306,357072.0425148835
12648,274929.77302344295,198353.9280709307
12761,302253.83589938266,655177.5397466446
12764,292531.25054015225,180147.18469508825
12766,406768.1186807358,373669.2846942174
12772,429590.9498674668,557350.123624917
12826,284044.2670716255,631128.0341670709
12846,309484.80173813977,196503.03672560438
12847,375588.3118423919,407104.2574972758
12860,379551.3184547979,245782.81145239295
12886,435343.6985224976,559617.2883056039
12887,360921.9969127448,621974.8806665875
12917,331013.18918508594,394193.7512265108
12918,228988.58338025695,644075.5345976941
12919,347101.5408324152,628798.1960297361
12920,232634.04029455545,640591.5438755308
13012,383016.55017881404,772096.3568777508
13052,429437.43776075746,580719.4201794447
13057,289428.1727863439,644350.3609010736
13308,352701.82750336,561955.5506971544
13309,245694.67702914824,635654.1730905117
13310,372996.5580878438,633013.4341593164
13311,243588.2128709289,664693.804295331
13387,506273.75824051345,180117.13677378534
13388,477957.802958672,170705.29632863513
13389,429767.32435969217,208011.66934784187
13390,506052.38866020524,223503.271752413
13415,308010.2018461986,538161.9646908615
13485,448623.4829299646,516338.8003989231
13498,390423.7375523402,808808.1534320902
13499,424948.0768560989,585143.7132330225
13500,228534.96240565422,648550.2839201442
13570,257756.3355161609,618538.0186173453
13607,288170.6846436138,644382.4665233903
13641,442122.6902164493,519612.62442458945
13670,323084.8778062091,861852.6837559999
13767,353222.09261308826,422850.65381703916
13768,347755.3342746978,406218.3396347712
13769,270462.19015024835,212932.94895970263
13770,332927.7049226711,190575.3834530607
13773,432677.6794217775,389351.3603916698
13811,371861.8346005673,835612.1880456489
13817,348174.54487762443,383960.96843476716
13840,235868.73855539216,625985.3306038836
14308,254041.45466657617,658759.176462341
14316,321933.9534201393,864101.9203379456
14394,277294.4671833615,660266.0340900358
14452,297011.98355212994,195629.7628948415
14453,314999.24292452494,195294.8560993938
14455,388469.89850132423,252427.52450792195
14467,273568.1962360855,661486.8590058152
14531,254416.07549393032,669885.6868070787
14577,332927.7049226711,190575.3834530607
14649,272648.31173792406,651490.6851607845
14650,376591.63845719065,822222.901241688
14657,276636.35393612203,659171.0710985337
14666,326198.8611776783,204017.7869187814
14672,437953.78581734933,554074.1992813441
14673,432982.58523820585,531778.353915869
14674,448635.33401618944,515226.13571086514
14757,376827.7264081744,249131.6630129125
14786,229471.42371441933,245329.34321339452
14859,334933.64824634965,700205.7043217802
14861,262826.19634203456,678520.9943959285
14923,331645.33585247735,391959.1120534107
14924,332305.53309604735,437572.49899601995
15051,410881.3282812413,847774.642786268
15091,330663.74982319376,742578.1912129743
15225,370861.13255234575,863452.386153093
15359,437266.12426947965,559632.8247736198
15603,248292.28188426772,363834.5420486263
15721,255336.20040889454,621958.4414492359
15765,195043.17405905874,208762.32925789186
15830,335587.81837966223,702422.2534883252
15846,350662.07870980055,491867.33727516304
15850,321124.7836131052,476699.8544692239
15851,327651.2335220068,476592.61320693453
15852,439829.34857353213,559654.7305329656
15949,406688.3557734478,847765.7382719633
15967,276636.35393612203,659171.0710985337
16214,259563.08623845168,193193.7789297194
16215,331022.144277937,439816.97780507314
16216,274194.48956939176,661468.6081758952
16267,251453.12871528664,200103.43673171126
16298,318113.7450807922,697154.90435483
16364,388922.0064244537,442656.8465790275
16474,338640.45520836476,367385.049610441
16477,331581.1476386563,387509.2434379686
16480,326207.75668295304,384251.7632824351
16483,382931.79618407285,422647.9754499487
16570,265150.07820248103,652830.6852681531
16597,323675.89088755427,660314.1388311881
16715,350686.10296923376,494092.6955268758
16717,376885.76977318485,401534.7135550789
16718,280722.7622387767,376272.2431034864
16769,332230.43478897214,386387.2308480597
16770,338668.74963552435,420793.2844620169
16920,317492.6840455269,697166.8380853798
16921,326294.1835911564,389813.91119228915
17034,389456.35829067795,388139.17361439834
17035,304163.14941435005,207726.6542611508
17062,324302.2839269254,660303.150021605
17073,332230.43478897214,386387.2308480597
17166,350663.5401579146,430665.70948944567
17333,239786.11943636095,680430.5945432858
17465,219365.64084654124,670094.614651103
17693,301510.2319117867,381361.1245853424
17878,328107.0777994261,700315.1564987354
18019,475735.32214023697,399856.6500387681
18128,408680.48265442037,422624.36183929024
18161,370310.1813817057,410472.40550930187
18249,333483.1976975646,380806.13511811936
18873,331256.73494950845,410881.23737763433
18989,384858.3733164701,405952.5575096251
18990,431743.13306683954,429398.7171309638
20857,388725.10096260265,360328.15963154205
22335,397418.84937395295,355865.4665428112
23083,334419.26938321936,351864.1712553746
26771,347295.8013122165,173721.46659994905
26772,362629.28382771,180258.59400094586
26773,411663.14544142195,278010.368092494
26774,451259.5024645573,198173.66970652173
26775,532092.9445686641,175158.70198263222
26776,444770.8267174302,376098.40811016486
26777,536973.9369781923,148581.05040455252
26778,447080.10228813783,201469.87552934902
26780,344529.03162505216,174863.159697277
26781,375052.5557307708,166836.14999759395
26782,411883.5738416708,183470.16829267598
26783,357753.94943874533,178072.5004440784
26784,377059.37872499914,149032.49420017572
26785,485241.9514831888,233118.82311724086
26786,416788.2153903456,167913.86620154098
26787,285277.6088125151,71279.68799821235
26788,339482.20915410004,159349.12804437775
26789,417430.50538510527,183486.11278491374
26790,461500.0631930495,151571.9851173414
26791,341559.63890745735,158212.70255839656
26792,387484.9023845748,397044.388969208
26793,342648.4643367281,367335.19875195826
26794,375052.5557307708,166836.14999759395
26795,477974.80842515524,169593.2332099126
26796,386811.7121116437,393708.575904123
26797,384818.9059037179,393714.60526259465
26798,381528.0681064864,401514.202727879
26799,454330.7481155607,233799.77863540617
26800,485150.07201439125,156359.3054026192
26801,507714.2831050351,210187.11230313656
26802,546988.7867503985,188922.0878194876
26803,531612.0802988664,271963.50051487325
26804,411880.97061167523,184582.33362483187
26805,578637.7561145427,156540.93173890276
26806,362976.5168137753,403848.8610270715
26807,498640.5665931869,179963.31973601476
26808,363977.4057545444,174687.8402438069
26809,401425.1976171221,395915.12938084407
26810,504771.10484455986,185648.67464766302
26811,370373.52425854834,420485.44436931616
26812,361650.76266720524,403859.49045405444
26813,372894.60073033476,153501.45728509236
26815,519228.8153768618,130337.16917950314
26816,574547.4423766775,194249.03398818726
26817,448515.2793092743,195922.13167033385
26818,353993.06286914763,145851.50499347554
26819,412574.18784553,184583.99549257528
26822,356787.14001852355,145827.16599929117
26823,330107.2576111242,136111.19398657585
26824,333110.1968783353,151642.8051204628
26825,415333.60767456325,189040.26419513096
26826,412565.9183961187,187920.5005348405
26827,427703.3366501517,206887.70731503726
26828,329376.83740909613,133896.73321996402
26829,347272.75519473886,171497.19955604256
26830,321138.865604954,189633.25628908782
26831,382166.05726877623,394836.39802821266
26832,339393.3034301273,374051.20477161446
26833,339620.1654127001,391850.7497719982
26834,205127.77850963263,52489.70903087966
26835,296044.9871956379,113325.61378675219
26836,346830.71349333663,382863.25379942934
26837,390814.89949280536,402599.3882948003
26838,299087.40274111304,195587.864451657
26839,341046.4680829355,399621.50926763954
26840,378880.33769847854,402637.8621348055
26841,484893.30214504193,213088.13386341615
26842,354273.0370040949,395024.295520235
26843,367493.15804830054,181337.20528397395
26844,376880.3119170794,400422.1825801093
26845,493414.2803711952,162065.51703569756
26846,497085.5873433993,152122.07928055245
26848,429767.32435969217,208011.66934784187
26849,507491.99203571916,252463.2505736028
26850,528006.5960571843,143899.0538693173
26851,404188.9229857701,265762.95635924645
26852,456522.979963645,340620.0013814398
26853,413255.76951739413,189034.4291001184
26854,509359.31536841026,165719.3756560391
26855,339591.7962826168,389625.77903304197
26856,377628.67074430524,274711.24045187444
26858,507520.25582725427,186818.77235809976
26859,530846.25490645,169562.82528478687
26860,411187.7532704265,184580.7662867327
26861,618587.0845095352,310701.8591251763
26862,508786.8706918133,192408.59614604805
26863,479623.6687202768,197428.29676028737
26864,386140.5172362005,151223.89856759153
26865,493741.8841595032,182095.4841375248
26866,484581.21292822534,148563.48615226016
26867,386155.7013074926,156784.41404545208
26868,515848.74008399993,155849.10986686527
26869,380892.0617286688,408192.20777048555
26870,380878.45772270835,404854.50699006824
26871,498986.2143472659,197770.20287634822
26872,416565.3643764648,235756.8813987823
26873,355538.63834258605,388336.5920684357
26874,333197.3478514378,158315.32625941848
26875,334396.26144190837,398596.49970195576
26876,499789.9203844369,156623.71613942197
26877,414352.4101052496,289140.960254993
26878,451125.00231656426,278260.98205003317
26879,391471.86895269883,399260.48758929706
26880,497231.4107890001,181048.6306587903
26881,514180.8892644718,168050.03465941822
26882,497388.2615110686,208864.25749498926
26883,246555.57904539123,56689.34476005222
26884,514627.971342799,148033.71587101056
26885,496847.65965340973,201066.28615084995
26886,411870.5525311636,189031.01132622157
26887,494924.1351019945,265558.5514953861
26889,334149.32265730714,380796.8477465403
26890,483664.98248907935,161896.67338670458
26891,287379.9623685925,70121.87380590066
26892,411878.3664688382,185694.50028681877
26893,411190.2041424923,183468.600728122
26894,400759.60606419644,408153.0706995939
26895,503666.8672370076,205651.82250457152
26896,372947.84105018014,163510.46497444232
26897,412704.9596580013,131202.55610399134
26898,435961.675442777,210276.55726488103
26899,385455.5156926253,155674.2669264262
26900,386192.1205026067,170129.88750810176
26901,388159.94089446415,401492.8270587401
26902,372257.7972546094,164626.34722751158
26903,359836.3183875996,178055.5721409825
26904,393456.11219723435,394807.1217653072
26905,342373.4287262049,399605.1216567369
26906,338436.10773897887,402992.8952837723
26907,317784.60132091324,196361.1853674149
26908,332220.3409920956,189472.48132249154
26909,343514.8394859625,384014.17269159434
26910,346917.9639195767,390650.6692854901
26911,530420.1025447141,212949.89633421972
26912,350458.45668405393,212618.63136018201
26913,379601.5305399053,415985.6793005702
26914,321277.7261720403,198530.37425968534
26915,361650.76266720524,403859.49045405444
26916,385621.72790094645,213506.29466723127
26917,281389.02833075076,208212.18170792557
26918,364175.2731846187,202491.52639645286
26919,352967.0204770643,397262.3802591866
26920,341723.68179597886,400725.7729916392
26921,391502.3898948731,415948.8666536923
26922,361843.48329652974,168030.27328306693
26923,352463.567290048,205925.53120978427
26924,516166.2878599387,172545.30088195042
26925,399415.3483301515,272435.2053670142
26926,529600.1875803553,136150.29475116832
26927,330304.01385590865,150567.97610091305
26928,525075.6178660986,149390.05364638555
26929,496554.8297359396,143212.6501781817
26930,386424.3215753208,254657.33018903335
26931,364948.53666057746,401608.53925529914
26932,385631.35059280944,216842.9475594255
26933,477262.618318695,170694.72408226074
26934,417110.03474534437,276913.7689751058
26935,337553.19603708765,386314.14247327304
26936,568948.2873402786,153985.98861856756
26937,401505.30584672623,100050.06879379714
26938,465430.1026670092,171641.5260444167
26939,360469.80953409965,170265.10919226182
26940,561597.2668420875,230552.37857291946
26941,359765.76408750075,169158.41654561402
26942,365381.7704748187,176902.4605975697
26943,418903.36551241344,160136.2409164516
26944,589628.6121910422,217060.92675746448
26945,400096.1582355913,179008.01102443069
26947,509719.4660174846,181302.9532481741
26948,485941.9105509507,191969.48540243722
26949,392452.28625016176,172340.88406741671
26951,384761.68998996995,156788.43307406866
26952,375542.0801590095,398203.85419885436
26953,513480.24535879807,104620.53043120509
26954,460603.3231368,226085.37153014494
26955,346278.49494066,392883.1340045959
26956,309345.1465527759,188718.5334348593
26957,344910.84763646283,389560.97625133896
26958,414646.4847830056,414850.9279806805
26959,485941.9105509507,191969.48540243722
26960,375495.91977120395,389303.6623205012
26961,387467.0955830291,390369.166548624
26962,449046.10014724196,413969.9419612839
26963,358883.18150616484,390531.53830796655
26964,445034.3004684429,119149.38286108366
26965,445300.0660694498,390567.24495647964
26966,349373.6953459269,241549.92453850486
26967,519127.729818278,164825.2858991411
26968,355747.7624122751,410587.0175466306
26969,354937.1504320727,395017.91445924644
26970,369089.28539646516,426056.9000402938
26971,535802.9793401544,166354.0983502923
26972,540643.4868082488,167597.87516741361
26973,489391.1104338694,153094.46773838045
26974,502020.795012335,184480.12851821666
26975,503339.45010487316,187844.41226803575
26976,505206.8300459917,164519.6410624003
26977,518252.07839728316,231565.44397324318
26978,416733.4738604839,184595.95205913857
26979,411880.97061167523,184582.33362483187
26980,525048.5419507038,150502.02506154554
26981,369433.94863264257,157969.56504701747
26982,403522.7847254607,242404.56890695536
26983,411190.2041424923,183468.600728122
26984,524700.2513557691,136029.5493845324
26985,330304.01385590865,150567.97610091305
26986,531109.5677107746,212967.82535896945
26987,513645.612488577,222557.05916407699
26988,454668.2751356951,202658.4881629852
26989,352349.31538484,119174.77012924833
26990,414640.99079393194,189038.22456068476
26991,341496.0367463613,152652.28417342107
26992,255054.3962010061,55336.689640334924
26993,456401.7616880235,407375.84614997543
26994,599319.7465481932,216322.47862358217
26995,362793.694359723,202501.58113914472
26996,502646.5915976743,187830.34677842655
26997,618375.208133623,222684.10945181572
26998,464541.65991820605,131589.36813971988
26999,517710.02376482077,165905.02585087402
27000,513781.63391029416,154690.25043807004
27001,176107.23140808818,40275.16578055444
27002,333205.2965604139,104928.27398569646
27003,627786.4905209863,287723.63707948383
27004,414806.4519927122,131208.06754938065
27005,526115.7758468501,219516.79060350254
27006,492374.18554718926,218782.46645968006
27007,457845.85414639814,103706.21303830523
27008,523491.6989910052,157140.27893316108
27009,409092.2046657596,193473.9712183968
27011,336040.479383653,162727.9089623142
27012,413258.6782413969,187922.2563459174
27013,411185.3010469199,185692.9332004093
27014,459895.90903483576,169349.09657566703
27015,287165.83298481547,60115.06564353348
27016,407716.5889100435,187910.8577651016
27017,400791.3107667051,170110.93476816447
27018,388251.8960241843,159003.3764336622
27019,400096.1239726505,172335.16040973063
27020,513262.59585566155,178042.91783784603
27021,455820.84876053553,160404.993048287
27022,399401.06880933786,171223.0729949118
27023,413951.43758067227,187924.10672741308
27024,386137.4654930078,150111.79751253553
27025,316701.9098939245,129636.77358471049
27026,445098.5557703653,411705.33513880585
27027,245909.77013062043,58933.63307953189
27028,507119.06788500585,205723.9752395476
27029,339591.7962826168,389625.77903304197
27030,361258.6820434242,182493.32472334738
27031,340340.8664205699,396292.33374105796
27032,388159.94089446415,401492.8270587401
27033,385615.30678104,211281.8770355691
27034,349976.4688446865,163684.32822746813
27035,543996.4566805821,172142.86498292052
27036,428393.517604048,206891.53904652497
27037,483532.9874319331,211952.94187573885
27038,618481.5706332128,343008.27499951096
27041,501637.9363685894,168897.35362071142
27042,491584.02942257514,224330.5471951858
27043,394810.72077123885,418169.13926614786
27044,590857.1867879333,165888.67892319662
27045,360521.77914476336,176937.96510822838
27046,528703.83773369,171733.7608314359
27047,514232.2432467672,227021.2571700802
27048,507380.61853554135,225756.8574234225
27049,543363.9290043788,169899.2902722265
27050,363969.47573902505,173575.70584076922
27051,599565.8863513389,227468.67859774054
27052,513929.63872832776,148018.1835228768
27053,487184.75420103234,159730.7146140629
27054,486356.4859886372,167503.3105465719
27055,381989.38531260024,161246.043483831
27056,530297.6644360151,108351.83969888772
27057,509025.68179817253,181288.01714750862
27058,492195.36662436044,265506.94724849926
27059,352575.44524297275,143640.1066047722
27060,392452.28625016176,172340.88406741671
27061,335344.24425137613,162736.70628177375
27062,352944.8157112974,395037.33774003957
27063,366016.4748205412,168000.70112763834
27064,498032.337274235,175501.56795321434
27065,335344.24425137613,162736.70628177375
27066,341017.41962404485,171565.92171095056
27067,368271.9404924413,402697.4726738367
